id,title
1,Dick Johnson Is Dead
2,Blood & Water
3,Ganglands
4,Jailbirds New Orleans
5,Kota Factory
6,Midnight Mass
7,My Little Pony: A New Generation
8,Sankofa
9,The Great British Baking Show
10,The Starling
11,"Vendetta: Truth, Lies and The Mafia"
12,Bangkok Breaking
13,Je Suis Karl
14,Confessions of an Invisible Girl
15,Crime Stories: India Detectives
16,Dear White People
17,Europe's Most Dangerous Man: Otto Skorzeny in Spain
18,Falsa identidad
19,Intrusion
20,Jaguar
21,Monsters Inside: The 24 Faces of Billy Milligan
22,Resurrection: Ertugrul
23,Avvai Shanmughi
24,Go! Go! Cory Carson: Chrissy Takes the Wheel
25,Jeans
26,Love on the Spectrum
27,Minsara Kanavu
28,Grown Ups
29,Dark Skies
30,Paranoia
31,Ankahi Kahaniya
32,Chicago Party Aunt
33,Sex Education
34,Squid Game
35,Tayo and Little Wizards
36,The Father Who Moves Mountains
37,The Stronghold
38,Angry Birds
39,Birth of the Dragon
40,Chhota Bheem
41,He-Man and the Masters of the Universe
42,Jaws
43,Jaws 2
44,Jaws 3
45,Jaws: The Revenge
46,My Heroes Were Cowboys
47,Safe House
48,The Smart Money Woman
49,Training Day
50,Castle and Castle
51,Dharmakshetra
52,InuYasha the Movie 2: The Castle Beyond the Looking Glass
53,InuYasha the Movie 3: Swords of an Honorable Ruler
54,InuYasha the Movie 4: Fire on the Mystic Island
55,InuYasha the Movie: Affections Touching Across Time
56,Nailed It
57,Naruto Shippuden the Movie: Blood Prison
58,Naruto Shippûden the Movie: Bonds
59,Naruto Shippûden the Movie: The Will of Fire
60,Naruto Shippuden: The Movie
61,Naruto Shippuden: The Movie: The Lost Tower
62,Naruto the Movie 2: Legend of the Stone of Gelel
63,Naruto the Movie 3: Guardians of the Crescent Moon Kingdom
64,Naruto the Movie: Ninja Clash in the Land of Snow
65,Nightbooks
66,Numberblocks
67,Raja Rasoi Aur Anya Kahaniyan
68,Saved by the Bell
69,Schumacher
70,Stories by Rabindranath Tagore
71,Too Hot To Handle: Latino
72,A StoryBots Space Adventure
73,Jack Whitehall: Travels with My Father
74,King of Boys
75,The World's Most Amazing Vacation Rentals
76,You vs. Wild: Out Cold
77,Yowamushi Pedal
78,Little Singham - Black Shadow
79,Tughlaq Durbar
80,Tughlaq Durbar (Telugu)
81,Firedrake the Silver Dragon
82,Kate
83,Lucifer
84,Metal Shop Masters
85,Omo Ghetto: the Saga
86,Pokémon Master Journeys: The Series
87,Prey
88,Titipo Titipo
89,Blood Brothers: Malcolm X & Muhammad Ali
90,Mighty Raju
91,Paradise Hills
92,The Women and the Murderer
93,Into the Night
94,JJ+E
95,Show Dogs
96,The Circle
97,If I Leave Here Tomorrow: A Film About Lynyrd Skynyrd
98,Kid Cosmic
99,Octonauts: Above & Beyond
100,On the Verge
101,Tobot Galaxy Detectives
102,Untold: Breaking Point
103,Countdown: Inspiration4 Mission to Space
104,Shadow Parties
105,Tayo the Little Bus
106,Angamaly Diaries
107,Bunk'd
108,A Champion Heart
109,Dive Club
110,La casa de papel
111,Money Heist: From Tokyo to Berlin
112,Sharkdog
113,Worth
114,Afterlife of the Party
115,Anjaam
116,Bright Star
117,Dhanak
118,Final Account
119,Gurgaon
120,Here and There
121,Heroes of Goo Jit Zu
122,Hotel Del Luna
123,In the Cut
124,Luv Kushh
125,Pororo - The Little Penguin
126,Q-Force
127,Shikara
128,A Cinderella Story
129,Agatha Christie's Crooked House
130,An Unfinished Life
131,Barbie Big City Big Dreams
132,Blade Runner: The Final Cut
133,Brave Animated Series
134,Chappie
135,Clear and Present Danger
136,Cliffhanger
137,Cold Mountain
138,Crocodile Dundee in Los Angeles
139,Dear John
140,Do the Right Thing
141,"El patrón, radiografía de un crimen"
142,Extraction
143,Freedom Writers
144,Green Lantern
145,House Party
146,House Party 2
147,House Party 3
148,How to Be a Cowboy
149,HQ Barbers
150,I Got the Hook Up
151,In Too Deep
152,Initial D
153,Janoskians: Untold and Untrue
154,Kid-E-Cats
155,Kuroko's Basketball
156,Labyrinth
157,Letters to Juliet
158,Level 16
159,Love Don't Cost a Thing
160,Love in a Puff
161,Major Dad
162,Mars Attacks!
163,Marshall
164,My Boss's Daughter
165,Mystery Men
166,Oldsters
167,Once Upon a Time in America
168,Open Season 2
169,Osmosis Jones
170,Poseidon
171,Rhyme & Reason
172,Same Kind of Different as Me
173,School of Rock
174,Snervous Tyler Oakley
175,Tears of the Sun
176,The Blue Lagoon
177,The Golden Child
178,The Guns of Navarone
179,The Interview
180,The Nutty Professor
181,The Nutty Professor II: The Klumps
182,Turning Point: 9/11 and the War on Terror
183,Welcome Home Roscoe Jenkins
184,In the Line of Fire
185,Sparking Joy
186,Untold: Crime & Penalties
187,Hometown Cha-Cha-Cha
188,The Ingenuity of the Househusband
189,2 Alone in Paris
190,Bread Barbershop
191,Thimmarusu
192,Wind River
193,C Kkompany
194,D.P.
195,Deadly Sins
196,EMI: Liya Hai To Chukana Padega
197,He's All That
198,I Heart Arlo
199,King of Boys: The Return of the King
200,Koi Aap Sa
201,Krishna Cottage
202,Kucch To Hai
203,Kyaa Kool Hai Hum
204,Kyaa Kool Hain Hum 3
205,Kyaa Super Kool Hain Hum
206,Kyo Kii... Main Jhuth Nahin Bolta
207,"LSD: Love, Sex Aur Dhokha"
208,Mission Istaanbul: Darr Ke Aagey Jeet Hai
209,Once Upon a Time in Mumbaai
210,Once Upon a Time in Mumbai Dobaara!
211,Ragini MMS
212,Ragini MMS 2
213,Rebellion
214,RIDE ON TIME
215,SAS: Rise of the Black Swan
216,Shootout at Lokhandwala
217,Shor In the City
218,The Dirty Picture
219,Titletown High
220,EDENS ZERO
221,Family Reunion
222,"Bob Ross: Happy Accidents, Betrayal & Greed"
223,Clickbait
224,John of God: The Crimes of a Spiritual Healer
225,Motel Makeover
226,Open Your Eyes
227,Post Mortem: No One Dies in Skarnes
228,Really Love
229,The November Man
230,The Old Ways
231,The River Runner
232,The Water Man
233,Wheel of Fortune
234,Count Me In
235,Oggy Oggy
236,Untold: Caitlyn Jenner
237,Boomika
238,Boomika (Hindi)
239,Boomika (Malayalam)
240,Boomika (Telugu)
241,The Witcher: Nightmare of the Wolf
242,Manifest
243,Comedy Premium League
244,Everything Will Be Fine
245,Gunshot
246,Korean Cold Noodle Rhapsody
247,Man in Love
248,Sweet Girl
249,The Chair
250,The Loud House Movie
251,A Faraway Land
252,Like Crazy
253,Black Island
254,Bombay
255,Go! Go! Cory Carson
256,Memories of a Murderer: The Nilsen Tapes
257,Nneka The Pretty Serpent
258,O Kadhal Kanmani
259,Out of my league
260,Pahuna
261,The Defeated
262,The Secret Diary of an Exchange Student
263,Untold: Deal With the Devil
264,Mother Goose Club
265,Walk of Shame
266,Rascal Does Not Dream of Bunny Girl Senpai
267,The Creative Indians
268,The Piano
269,Unroyal
270,Winx Club
271,Beckett
272,Brand New Cherry Flavor
273,Fast & Furious Spy Racers
274,Gone for Good
275,Grace and Frankie
276,The Kingdom
277,Valeria
278,AlRawabi School for Girls
279,Lokillo: Nothing's the Same
280,Monster Hunter: Legends of the Guild
281,Bake Squad
282,Brother Jekwu
283,La diosa del asfalto
284,Misha and the Wolves
285,The Kissing Booth 3
286,The Railway Man
287,Gabby's Dollhouse
288,I Need Romance
289,Las muñecas de la mafia
290,The Crowned Clown
291,Untold: Malice at the Palace
292,SHAMAN KING
293,Quartet
294,Slay
295,Takizawa Kabuki ZERO 2020 The Movie
296,The Paper Tigers
297,Hit & Run
298,Navarasa
299,Quam's Money
300,The Swarm
301,Vivo
302,Chennai Express
303,City of God: 10 Years Later
304,Esperando la carroza
305,Lady Boss: The Jackie Collins Story
306,Tango Feroz
307,'76
308,Aftermath
309,American Masters: Inventing David Geffen
310,Car Masters: Rust to Riches
311,Cocaine Cowboys: The Kings of Miami
312,Control Z
313,Cooking With Paris
314,Autumn's Concerto
315,Heavy
316,Ije: The Journey
317,Office Girls
318,Pray Away
319,Shiny_Flakes: The Teenage Drug Lord
320,The Prince Who Turns into a Frog
321,Top Secret UFO Projects: Declassified
322,Two Fathers
323,You're My Destiny
324,30 Rock
325,44 Cats
326,Beethoven
327,Beethoven's 2nd
328,Beowulf
329,Boyka: Undisputed
330,Catch Me If You Can
331,Cloudy with a Chance of Meatballs
332,Darwin’s Game
333,Deep Blue Sea
334,Ferris Bueller's Day Off
335,Five Feet Apart
336,Freedomland
337,Friday Night Lights
338,Good Luck Chuck
339,Hunter X Hunter (2011)
340,I missed you: Director's Cut
341,Inception
342,Magnolia
343,Major Payne
344,My Girl
345,My Girl 2
346,Open Season: Scared Silly
347,Pineapple Express
348,Planet 51
349,Poms
350,Seabiscuit
351,Space Cowboys
352,Team America: World Police
353,The Edge of Seventeen
354,The Haunting in Connecticut 2: Ghosts of Georgia
355,The Last Boy Scout
356,The Lincoln Lawyer
357,The Losers
358,The Machinist
359,The Net
360,The Original Kings of Comedy
361,Valentine's Day
362,Charmed
363,The Lost Café
364,The Vault
365,Centaurworld
366,Eyes of a Thief
367,Glow Up
368,I'm Glad I Did
369,Khawatir
370,Myth & Mogul: John DeLorean
371,Outer Banks
372,Pomegranates and Myrrh
373,Rurouni Kenshin: The Beginning
374,The Last Mercenary
375,Flower Girl
376,Resort to Love
377,Transformers: War for Cybertron: Kingdom
378,Bartkowiak
379,Fantastic Fungi
380,Tattoo Redo
381,The Flash
382,The Snitch Cartel: Origins
383,All American
384,Department
385,Hostage House
386,How to Sell Drugs Online (Fast)
387,Mighty Express
388,Mimi
389,Plastic Cup Boyz: Laughing My Mask Off!
390,The Operative
391,The Walking Dead
392,Wynonna Earp
393,Django Unchained
394,A Second Chance:  Rivals!
395,African America
396,Bankrolled
397,Blood Red Sky
398,Feels Like Ishq
399,Kingdom: Ashin of the North
400,Masters of the Universe: Revelation
401,Revelations: The Masters of the Universe: Revelation Aftershow
402,Sky Rojo
403,The Last Letter From Your Lover
404,The Movies That Made Us
405,9to5: The Story of a Movement
406,Chhota Bheem - Dinosaur World
407,Chhota Bheem - Neeli Pahaadi
408,Chhota Bheem & Ganesh
409,Chhota Bheem & Krishna: Mayanagari
410,Chhota Bheem & Krishna: Pataliputra- City of the Dead
411,Chhota Bheem And The Broken Amulet
412,Chhota Bheem And The Crown of Valhalla
413,Chhota Bheem and the Incan Adventure
414,Chhota Bheem and The ShiNobi Secret
415,Chhota Bheem Aur Hanuman
416,Chhota Bheem aur Krishna
417,Chhota Bheem aur Krishna vs Zimbara
418,Chhota Bheem in African Safari
419,Chhota Bheem Ka Roosi Romanch
420,Chhota Bheem: Bheem vs Aliens
421,Chhota Bheem: Dholakpur to Kathmandu
422,Chhota Bheem: Dus Pe Dus
423,Chhota Bheem: Journey to Petra
424,Chhota Bheem: Master of Shaolin
425,Chhota Bheem: The Rise of Kirmada
426,Chicago Med
427,Cousins
428,Wannabe Courageous
429,Words Bubble Up Like Soda Pop
430,Sanitation Day
431,Sexy Beasts
432,Too Hot to Handle: Brazil
433,Trollhunters: Rise of the Titans
434,Milkwater
435,Okupas
436,Touch Your Heart
437,The Tambour of Retribution
438,Cosmic Sin
439,2 Weeks in Lagos
440,Deep
441,Explained
442,Fear Street Part 3: 1666
443,Johnny Test
444,La ley de Herodes
445,Naomi Osaka
446,The Beguiled
447,The Book of Henry
448,The Twilight Saga: Breaking Dawn: Part 1
449,The Twilight Saga: Breaking Dawn: Part 2
450,The Twilight Saga: Eclipse
451,The Twilight Saga: New Moon
452,Twilight
453,A Perfect Fit
454,BEASTARS
455,Cheech & Chong's Still Smokin
456,Emicida: AmarElo - Live in São Paulo
457,Her Private Life
458,Lift Like a Girl
459,My Amanda
460,Never Have I Ever
461,Surf's Up
462,The Unknown Saint
463,This Changes Everything
464,A Classic Horror Story
465,Gunpowder Milkshake
466,Heist
467,My Unorthodox Life
468,Private Network: Who Killed Manuel Buendía?
469,The Guide to the Perfect Family
470,American Woman
471,Bridgerton - The Afterparty
472,Day of Destiny
473,Ridley Jones
474,Born to Play
475,American Ultra
476,The Stand-Up
477,The Tour
478,Atypical
479,Biohackers
480,Fear Street Part 2: 1978
481,Finding Hubby
482,How I Became a Superhero
483,How to Become a Tyrant
484,Last Summer
485,Lee Su-geun: The Sense Coach
486,Lethal Love
487,Ratchet and Clank
488,The Cook of Castamar
489,Virgin River
490,Back to Q82
491,Elize Matsunaga: Once Upon a Crime
492,Home Again
493,Midnight Sun
494,RESIDENT EVIL: Infinite Darkness
495,Rock the Kasbah
496,Awon Boyz
497,Brick Mansions
498,Cat People
499,Clash
500,Dogs
501,Major Grom: Plague Doctor
502,Mama Drama
503,Tango With Me
504,The Mire
505,The War Next-door
506,Therapy
507,This Little Love Of Mine
508,Three Thieves
509,A Land Imagined
510,Ask the StoryBots
511,Between
512,Chelsea
513,Code Lyoko
514,Colony
515,Cuckoo
516,Derry Girls
517,Girl from Nowhere
518,Good Morning Call
519,Har Kisse Ke Hisse: Kaamyaab
520,I AM A KILLER
521,I Think You Should Leave with Tim Robinson
522,Kim's Convenience
523,Larva
524,Marcella
525,Midnight Diner: Tokyo Stories
526,My Little Pony: Friendship Is Magic
527,Orange Is the New Black
528,Puffin Rock
529,Rehmataan
530,Return of the Prodigal Son
531,Richie Rich
532,Rise: Ini Kalilah
533,Scream
534,Shtisel
535,Si Doel the Movie 2
536,Some Assembly Required
537,Tales by Light
538,Terrace House: Opening New Doors
539,The A List
540,The New Legends of Monkey
541,The Worst Witch
542,Truckbhar Swapna
543,Ujala
544,Undercover
545,Workin' Moms
546,YooHoo to the Rescue
547,You Are My Spring
548,We the People
549,Grey's Anatomy
550,Big Timber
551,Fear Street Part 1: 1994
552,Haseen Dillruba
553,Holiday on Mars
554,Mortel
555,RattleSnake - The Ahanna Story
556,Snowpiercer
557,The 8th Night
558,Winchester
559,6 Bullets
560,Air Force One
561,Audible
562,Austin Powers in Goldmember
563,Austin Powers: International Man of Mystery
564,Austin Powers: The Spy Who Shagged Me
565,Boogie Nights
566,Bureau of Magical Things
567,Charlie's Angels
568,Congo
569,Dennis the Menace
570,Dreamy Eyes
571,Dynasty Warriors
572,Generation 56k
573,Hampstead
574,Kung Fu Panda
575,Kung Fu Panda 2
576,Life as We Know It
577,Mary Magdalene
578,Masameer County
579,Memoirs of a Geisha
580,Midnight Run
581,Mobile Suit Gundam Hathaway
582,Mortal Kombat
583,Mother's Day
584,No Strings Attached
585,Not Another Teen Movie
586,Ophelia
587,Pet Sematary 2
588,Quarantine Tales
589,Rainbow Rangers
590,Red Joan
591,Sailor Moon Crystal
592,Seven Pounds
593,She's Out of My League
594,Snow Day
595,Star Trek
596,Stuart Little
597,Sword of Trust
598,Talladega Nights: The Ballad of Ricky Bobby
599,The American
600,The Best of Enemies
601,The Game
602,The Karate Kid
603,The Karate Kid Part II
604,The Karate Kid Part III
605,The Life of David Gale
606,The Long Riders
607,The Queen
608,The Strangers
609,The Sum of All Fears
610,The Tourist
611,Underworld
612,Underworld: Awakening
613,Underworld: Rise of the Lycans
614,Voiceless
615,What Dreams May Come
616,Why Do Fools Fall in Love
617,Working Title
618,Young Royals
619,America: The Motion Picture
620,Deranged
621,Droppin' Cash: Los Angeles
622,Legend of Exorcism
623,Lying and Stealing
624,Mommy Issues
625,Prime Time
626,Somos.
627,Sophie: A Murder in West Cork
628,The Daily Life of the Immortal King
629,StarBeam
630,A Way Back Home
631,Killing Them Softly
632,The Seven Deadly Sins
633,Wanted
634,Into the Wind
635,Wonder Boy
636,Here Comes the Rain
637,The Ice Road
638,Ray
639,Sex/Life
640,Godzilla Singular Point
641,Jiva!
642,Sisters on Track
643,The Naked Director
644,The Seventh Day
645,Good on Paper
646,Murder by the Coast
647,The House of Flowers: The Movie
648,The Parisian Agency: Exclusive Properties
649,Too Hot to Handle
650,Broken
651,O Vendedor de Sonhos
652,Osuofia in London
653,Osuofia in London II
654,This Is Pop
655,#Selfie
656,#Selfie 69
657,Love Is a Story
658,The Mole
659,"Nevertheless,"
660,Bangkok Love Stories: Innocence
661,Black Lightning
662,Call My Agent!
663,Champions
664,Charité at War
665,Cleo & Cuquin
666,Deadwind
667,Gameboys Level-Up Edition
668,Glee
669,Hap and Leonard
670,Locked Up
671,Mobile Suit Gundam II: Soldiers of Sorrow
672,Mobile Suit Gundam III: Encounters in Space
673,Mobile Suit Gundam: Char's Counterattack
674,No Time for Shame
675,Pose
676,REA(L)OVE
677,Riverdale
678,Schitt's Creek
679,The Assassination of Gianni Versace
680,The Judgement
681,The Last Dance
682,They've Gotta Have Us
683,Why Are You Like This
684,A Family
685,Elite
686,Fatherhood
687,Hospital Playlist
688,Jagame Thandhiram
689,Kambili: The Whole 30 Yards
690,Mobile Suit Gundam I
691,Rurouni Kenshin: The Final
692,So Not Worth It
693,The Rational Life
694,Ali & Ratu Ratu Queens
695,Aziza
696,Besieged Bread
697,Black Summer
698,Elite Short Stories: Carla Samuel
699,Fan Girl
700,Katla
701,Record of Ragnarok
702,Red Snow
703,Silver Linings Playbook
704,The Gift
705,A Man For The Week End
706,Biking Borders
707,Elite Short Stories: Omar Ander Alexis
708,Let's Eat
709,Lowriders
710,Millennials
711,Penguin Town
712,Security
713,Silver Skates
714,Avengers Climate Conundrum
715,Beyond Evil
716,Elite Short Stories: Nadia Guzmán
717,FTA
718,Headspace: Unwind Your Mind
719,Life of Crime
720,Power Rangers Dino Fury
721,Rhyme Time Town
722,Rogue Warfare: Death of a Nation
723,Sir! No Sir!
724,The American Bible Challenge
